# x_m,y_m,w_tr_right_m,w_tr_left_m
-104.492522,46.294998,5.382,5.382
-109.744108,46.349636,5.381,5.381
-114.989448,46.405684,5.382,5.382
-120.241005,46.462697,5.385,5.385
-125.480118,46.518141,5.389,5.389
-130.719272,46.569378,5.396,5.396
-135.958472,46.616204,5.404,5.404
-141.203939,46.657955,5.413,5.413
-146.449426,46.696202,5.423,5.423
-151.688708,46.729670,5.433,5.433
-156.940445,46.758951,5.443,5.443
-162.185907,46.785285,5.453,5.453
-167.431388,46.807355,5.462,5.462
-172.682972,46.829183,5.469,5.469
-177.940790,46.852571,5.472,5.472
-183.192232,46.868455,5.463,5.463
-188.437405,46.877831,5.445,5.445
-193.688657,46.889955,5.428,5.428
-198.939700,46.907371,5.414,5.414
-204.184560,46.934744,5.409,5.409
-209.435570,46.985362,5.427,5.427
-214.680356,47.035257,5.443,5.443
-219.931214,47.051062,5.425,5.425
-225.181996,47.076017,5.415,5.415
-230.426475,47.111596,5.416,5.416
-235.677101,47.152560,5.422,5.422
-240.915234,47.197310,5.431,5.431
-246.165781,47.242484,5.444,5.444
-251.416288,47.291637,5.460,5.460
-256.660483,47.345147,5.481,5.481
-261.910913,47.398696,5.501,5.501
-267.161195,47.460035,5.524,5.524
-272.423951,47.520573,5.539,5.539
-277.680479,47.581674,5.543,5.543
-282.936915,47.648841,5.543,5.543
-288.187120,47.716890,5.535,5.535
-293.443571,47.781229,5.515,5.515
-298.700000,47.847414,5.492,5.492
-303.950151,47.918543,5.467,5.467
-309.200323,47.991622,5.442,5.442
-314.462530,48.079538,5.418,5.418
-319.612761,48.153891,5.410,5.410
-324.968637,48.206127,5.418,5.418
-330.217853,48.284289,5.369,5.369
-335.442085,48.359775,5.307,5.307
-340.585840,48.362623,5.263,5.263
-345.829357,48.344847,5.235,5.235
-350.958233,48.235518,5.156,5.156
-356.594037,47.886272,5.200,5.200
-362.021665,47.093383,5.605,5.605
-367.105709,45.901168,6.366,6.366
-371.761517,43.968985,7.092,7.092
-375.960585,40.897792,7.387,7.387
-379.182444,36.937859,7.116,7.116
-381.710844,32.280323,6.685,6.685
-383.486620,27.146649,5.988,5.988
-384.531403,21.931882,5.280,5.280
-385.080518,16.375593,4.843,4.843
-385.236111,10.607565,4.691,4.691
-385.216506,5.371194,4.676,4.676
-385.199653,0.159645,4.663,4.663
-385.182141,-5.101731,4.669,4.669
-385.182615,-10.361611,4.681,4.681
-385.160672,-15.628747,4.645,4.645
-385.132126,-20.827509,4.623,4.623
-385.104763,-26.101406,4.610,4.610
-385.093188,-31.357026,4.584,4.584
-385.088537,-36.637486,4.550,4.550
-385.106707,-41.893071,4.502,4.502
-385.105216,-47.111362,4.460,4.460
-385.127677,-52.404259,4.413,4.413
-385.163665,-57.622421,4.370,4.370
-385.193194,-62.890476,4.339,4.339
-385.254241,-68.152098,4.299,4.299
-385.319733,-73.394996,4.270,4.270
-385.402831,-78.662590,4.231,4.231
-385.480759,-83.886826,4.202,4.202
-385.572064,-89.179026,4.168,4.168
-385.693987,-94.445231,4.106,4.106
-385.815835,-99.649219,4.052,4.052
-385.924292,-104.903301,4.027,4.027
-386.068918,-110.187379,3.967,3.967
-386.199387,-115.390712,3.929,3.929
-386.326153,-120.637732,3.900,3.900
-386.445718,-125.865888,3.878,3.878
-386.555417,-131.100095,3.862,3.862
-386.662411,-136.334342,3.848,3.848
-386.762749,-141.574257,3.841,3.841
-386.866794,-146.820396,3.834,3.834
-386.969738,-152.060070,3.830,3.830
-387.076240,-157.305905,3.826,3.826
-387.189219,-162.557687,3.822,3.822
-387.306594,-167.796863,3.817,3.817
-387.423933,-173.042213,3.812,3.812
-387.538363,-178.281295,3.805,3.805
-387.653520,-183.526574,3.796,3.796
-387.774260,-188.777819,3.784,3.784
-387.895145,-194.016624,3.772,3.772
-388.014860,-199.255363,3.760,3.760
-388.135586,-204.500276,3.748,3.748
-388.262097,-209.751217,3.732,3.732
-388.392373,-214.989566,3.717,3.717
-388.521116,-220.227954,3.701,3.701
-388.648145,-225.466328,3.689,3.689
-388.776993,-230.704678,3.682,3.682
-388.913078,-235.949013,3.678,3.678
-389.050713,-241.187081,3.678,3.678
-389.184903,-246.425214,3.682,3.682
-389.318398,-251.657127,3.691,3.691
-389.451026,-256.895217,3.709,3.709
-389.586734,-262.139360,3.730,3.730
-389.717149,-267.371180,3.751,3.751
-389.839473,-272.609269,3.768,3.768
-389.943610,-277.847780,3.773,3.773
-390.040510,-283.092564,3.771,3.771
-390.132972,-288.331172,3.765,3.765
-390.219751,-293.576050,3.756,3.756
-390.303223,-298.814712,3.742,3.742
-390.386830,-304.059579,3.725,3.725
-390.469410,-309.298195,3.707,3.707
-390.548066,-314.536866,3.688,3.688
-390.618983,-319.763194,3.673,3.673
-390.670407,-324.983544,3.667,3.667
-390.707545,-330.216467,3.664,3.664
-390.736721,-335.461873,3.664,3.664
-390.762002,-340.694870,3.666,3.666
-390.785442,-345.940331,3.668,3.668
-390.806312,-351.179591,3.671,3.671
-390.822731,-356.418921,3.673,3.673
-390.837402,-361.658255,3.675,3.675
-390.852117,-366.903873,3.676,3.676
-390.869519,-372.149502,3.677,3.677
-390.888238,-377.388974,3.678,3.678
-390.906874,-382.634730,3.679,3.679
-390.928479,-387.880510,3.681,3.681
-390.954131,-393.126406,3.683,3.683
-390.986535,-398.372256,3.685,3.685
-391.018556,-403.612101,3.685,3.685
-391.051071,-408.858179,3.685,3.685
-391.082786,-414.098185,3.683,3.683
-391.110800,-419.344528,3.676,3.676
-391.133614,-424.584733,3.665,3.665
-391.154344,-429.831296,3.652,3.652
-391.176012,-435.071646,3.639,3.639
-391.201084,-440.318380,3.629,3.629
-391.242435,-445.558791,3.635,3.635
-391.292472,-450.805440,3.649,3.649
-391.347797,-456.052059,3.667,3.667
-391.406195,-461.292445,3.686,3.686
-391.462087,-466.545340,3.693,3.693
-391.511810,-471.798286,3.683,3.683
-391.561487,-477.044980,3.667,3.667
-391.608021,-482.285460,3.645,3.645
-391.654391,-487.532229,3.622,3.622
-391.703317,-492.772762,3.601,3.601
-391.755863,-498.019584,3.582,3.582
-391.812110,-503.266435,3.564,3.564
-391.871889,-508.507092,3.547,3.547
-391.938434,-513.754021,3.535,3.535
-392.016783,-519.000760,3.531,3.531
-392.103815,-524.247109,3.531,3.531
-392.196838,-529.493382,3.535,3.535
-392.294581,-534.738812,3.539,3.539
-392.390726,-539.977875,3.542,3.542
-392.487191,-545.222843,3.543,3.543
-392.583626,-550.467405,3.541,3.541
-392.677473,-555.699179,3.540,3.540
-392.769726,-560.936874,3.544,3.544
-392.867051,-566.180581,3.554,3.554
-392.968190,-571.417630,3.567,3.567
-393.070637,-576.660708,3.581,3.581
-393.173550,-581.903534,3.592,3.592
-393.277719,-587.146148,3.598,3.598
-393.381212,-592.382399,3.601,3.601
-393.481537,-597.624704,3.603,3.603
-393.573529,-602.848391,3.608,3.608
-393.659758,-608.084390,3.621,3.621
-393.746223,-613.320349,3.639,3.639
-393.831661,-618.556437,3.658,3.658
-393.914986,-623.792661,3.676,3.676
-393.995667,-629.041751,3.688,3.688
-394.074369,-634.285058,3.693,3.693
-394.152501,-639.528895,3.695,3.695
-394.229006,-644.767403,3.691,3.691
-394.301108,-650.012786,3.682,3.682
-394.363933,-655.259792,3.662,3.662
-394.425491,-660.469922,3.637,3.637
-394.490012,-665.748503,3.609,3.609
-394.556135,-670.991313,3.582,3.582
-394.623719,-676.234293,3.559,3.559
-394.694174,-681.484785,3.540,3.540
-394.770025,-686.737216,3.524,3.524
-394.849805,-691.973989,3.512,3.512
-394.926971,-697.204452,3.509,3.509
-394.993326,-702.422271,3.517,3.517
-395.034229,-707.646315,3.545,3.545
-395.064812,-712.845878,3.577,3.577
-395.084247,-718.126796,3.612,3.612
-395.108575,-723.388151,3.641,3.641
-395.143011,-728.704427,3.662,3.662
-395.185302,-733.898885,3.674,3.674
-395.232902,-739.167823,3.683,3.683
-395.286825,-744.412547,3.685,3.685
-395.349654,-749.675465,3.680,3.680
-395.421738,-754.931733,3.666,3.666
-395.501965,-760.144433,3.648,3.648
-395.592698,-765.444882,3.626,3.626
-395.689349,-770.701430,3.602,3.602
-395.794412,-775.945823,3.579,3.579
-395.906834,-781.186060,3.562,3.562
-396.028582,-786.445863,3.559,3.559
-396.140507,-791.646137,3.567,3.567
-396.253501,-796.893005,3.576,3.576
-396.376112,-802.132249,3.593,3.593
-396.503681,-807.378107,3.614,3.614
-396.630311,-812.619746,3.631,3.631
-396.758838,-817.857925,3.651,3.651
-396.875494,-823.097609,3.660,3.660
-396.988712,-828.399797,3.664,3.664
-397.092663,-833.573744,3.667,3.667
-397.190922,-838.806920,3.664,3.664
-397.284712,-843.983146,3.661,3.661
-397.379071,-849.216386,3.654,3.654
-397.477022,-854.433415,3.641,3.641
-397.569925,-859.540737,3.626,3.626
-397.661863,-864.826542,3.615,3.615
-397.752626,-869.967387,3.602,3.602
-397.845068,-875.169355,3.590,3.590
-397.936645,-880.296336,3.579,3.579
-398.027419,-885.472137,3.567,3.567
-398.119765,-890.492323,3.556,3.556
-398.210911,-895.709684,3.548,3.548
-398.305656,-900.877660,3.540,3.540
-398.402108,-906.049706,3.534,3.534
-398.503441,-911.286490,3.526,3.526
-398.597880,-916.358696,3.524,3.524
-398.698669,-921.603316,3.525,3.525
-398.797105,-926.804188,3.527,3.527
-398.899058,-932.141855,3.526,3.526
-398.980493,-937.214416,3.528,3.528
-399.042854,-942.238087,3.533,3.533
-399.093976,-947.284772,3.555,3.555
-399.101577,-952.353677,3.563,3.563
-399.115106,-957.435043,3.578,3.578
-399.125632,-962.533633,3.592,3.592
-399.121757,-968.143917,3.603,3.603
-399.110348,-973.254043,3.621,3.621
-399.080423,-978.368095,3.650,3.650
-399.031121,-983.478261,3.704,3.704
-398.961106,-988.810381,3.771,3.771
-398.905254,-994.028589,3.824,3.824
-398.856727,-999.216322,3.877,3.877
-398.823913,-1004.432331,3.923,3.923
-398.809302,-1009.639132,3.950,3.950
-398.812239,-1014.812144,3.963,3.963
-398.847346,-1020.084597,3.959,3.959
-398.951725,-1025.306014,3.934,3.934
-399.070059,-1030.512963,3.901,3.901
-399.153806,-1035.681716,3.851,3.851
-399.247992,-1040.897423,3.781,3.781
-399.420116,-1046.227215,3.684,3.684
-399.863634,-1051.468533,3.581,3.581
-400.572055,-1056.575218,3.560,3.560
-401.465208,-1061.535936,3.634,3.634
-402.685813,-1066.737010,3.869,3.869
-404.450024,-1071.601977,3.928,3.928
-406.574063,-1076.332509,4.117,4.117
-409.335790,-1081.046820,4.196,4.196
-412.568636,-1085.682193,4.272,4.272
-415.991640,-1089.899489,4.306,4.306
-419.677173,-1093.855071,4.290,4.290
-423.514107,-1097.560175,4.281,4.281
-427.519613,-1101.015876,4.292,4.292
-431.825871,-1104.234491,4.315,4.315
-436.512104,-1107.171160,4.308,4.308
-441.242610,-1109.622463,4.281,4.281
-446.254037,-1111.746183,4.284,4.284
-451.351547,-1113.491143,4.284,4.284
-456.611593,-1114.906588,4.211,4.211
-461.911848,-1115.837151,4.120,4.120
-467.346102,-1116.271741,4.058,4.058
-472.713602,-1116.325360,4.035,4.035
-477.971555,-1116.177261,4.060,4.060
-483.284982,-1115.846734,4.164,4.164
-488.544553,-1115.280825,4.351,4.351
-493.722717,-1114.573474,4.529,4.529
-499.374969,-1113.683296,4.616,4.616
-504.493256,-1112.761278,4.640,4.640
-510.040728,-1111.529981,4.569,4.569
-515.029000,-1110.208413,4.407,4.407
-520.305293,-1108.576121,4.217,4.217
-525.325713,-1106.820418,4.080,4.080
-530.154405,-1105.030640,4.012,4.012
-534.947965,-1103.227769,3.992,3.992
-539.739364,-1101.383771,3.995,3.995
-544.926729,-1099.393867,4.014,4.014
-550.557094,-1097.225293,4.043,4.043
-555.354904,-1095.380052,4.070,4.070
-560.119694,-1093.555674,4.101,4.101
-564.981846,-1091.706336,4.134,4.134
-569.862134,-1089.854736,4.158,4.158
-574.730478,-1088.009387,4.178,4.178
-579.599543,-1086.169235,4.196,4.196
-584.476690,-1084.332928,4.207,4.207
-589.341708,-1082.516017,4.209,4.209
-594.224194,-1080.728859,4.199,4.199
-599.111684,-1078.956273,4.184,4.184
-603.997762,-1077.198011,4.166,4.166
-608.903456,-1075.442462,4.147,4.147
-613.805850,-1073.693739,4.129,4.129
-618.704810,-1071.954247,4.111,4.111
-623.611019,-1070.216952,4.092,4.092
-628.523489,-1068.479161,4.075,4.075
-633.429572,-1066.742266,4.061,4.061
-638.333162,-1064.998516,4.053,4.053
-643.242428,-1063.252774,4.046,4.046
-648.149596,-1061.501354,4.041,4.041
-653.049864,-1059.749289,4.035,4.035
-657.994377,-1057.956279,4.023,4.023
-662.883951,-1056.157202,3.998,3.998
-667.780828,-1054.342487,3.968,3.968
-672.652899,-1052.533017,3.937,3.937
-677.521812,-1050.735090,3.910,3.910
-682.378674,-1048.958211,3.907,3.907
-687.264516,-1047.193681,3.915,3.915
-692.145528,-1045.433554,3.933,3.933
-697.022376,-1043.702068,3.960,3.960
-701.925353,-1041.970908,3.992,3.992
-706.810621,-1040.264087,4.029,4.029
-711.728730,-1038.557381,4.071,4.071
-716.628713,-1036.853409,4.114,4.114
-721.548548,-1035.167158,4.154,4.154
-726.410363,-1033.453868,4.264,4.264
-731.317444,-1031.734212,4.393,4.393
-736.283576,-1030.011684,4.475,4.475
-741.093916,-1028.404927,4.551,4.551
-746.033724,-1026.845337,4.620,4.620
-751.075700,-1025.308000,4.625,4.625
-755.940574,-1023.898724,4.632,4.632
-760.847932,-1022.625676,4.577,4.577
-766.640799,-1021.499625,4.548,4.548
-772.600737,-1020.768257,4.523,4.523
-778.167187,-1020.679838,4.471,4.471
-784.110782,-1021.340129,4.382,4.382
-789.963318,-1022.481391,4.289,4.289
-794.950470,-1023.600310,4.260,4.260
-799.949766,-1024.790375,4.291,4.291
-804.878042,-1026.109546,4.301,4.301
-809.758057,-1027.615513,4.330,4.330
-815.428116,-1029.609733,4.414,4.414
-820.995004,-1031.910572,4.453,4.453
-825.601070,-1034.022727,4.463,4.463
-830.165212,-1036.243313,4.463,4.463
-834.812145,-1038.620060,4.481,4.481
-839.352675,-1041.001680,4.497,4.497
-843.930283,-1043.454592,4.528,4.528
-848.472174,-1045.951746,4.519,4.519
-853.631638,-1048.943048,4.566,4.566
-858.400356,-1052.170288,4.670,4.670
-862.262142,-1055.740646,4.849,4.849
-865.561857,-1060.239491,4.941,4.941
-867.956504,-1065.092023,4.918,4.918
-869.358344,-1070.184577,4.826,4.826
-869.759696,-1075.562072,4.731,4.731
-869.411490,-1081.303428,4.556,4.556
-868.360688,-1086.605025,4.473,4.473
-866.420576,-1091.840911,4.538,4.538
-863.644407,-1096.824546,4.394,4.394
-860.171094,-1101.126808,4.210,4.210
-856.183930,-1105.030160,4.200,4.200
-852.266139,-1108.389323,4.251,4.251
-848.294082,-1111.685013,4.408,4.408
-844.193096,-1115.189520,4.513,4.513
-840.394067,-1118.516726,4.574,4.574
-836.313604,-1122.024090,4.611,4.611
-832.368056,-1125.440561,4.623,4.623
-828.423652,-1128.908949,4.625,4.625
-824.527415,-1132.378532,4.611,4.611
-820.624773,-1135.857049,4.572,4.572
-816.748065,-1139.298176,4.540,4.540
-812.865742,-1142.739833,4.546,4.546
-808.948537,-1146.263973,4.572,4.572
-804.931419,-1149.911667,4.510,4.510
-801.078141,-1153.551537,4.362,4.362
-797.325833,-1157.397261,4.292,4.292
-793.799939,-1161.466726,4.272,4.272
-790.493465,-1165.696308,4.243,4.243
-787.375915,-1170.174804,4.224,4.224
-784.536956,-1174.860304,4.199,4.199
-782.030614,-1179.700824,4.176,4.176
-779.844054,-1184.641662,4.152,4.152
-777.930871,-1189.674605,4.157,4.157
-776.365253,-1194.785450,4.228,4.228
-775.069139,-1200.087381,4.303,4.303
-774.084247,-1205.419841,4.402,4.402
-773.310628,-1210.561634,4.474,4.474
-772.673655,-1216.072097,4.501,4.501
-772.274737,-1221.420934,4.472,4.472
-772.023876,-1226.620675,4.444,4.444
-771.885054,-1232.005352,4.424,4.424
-771.810334,-1237.311045,4.434,4.434
-771.783083,-1242.483642,4.419,4.419
-771.787055,-1247.734094,4.391,4.391
-771.798530,-1253.020948,4.327,4.327
-771.808298,-1258.189736,4.258,4.258
-771.827247,-1263.266613,4.213,4.213
-771.856041,-1268.494656,4.196,4.196
-771.895433,-1273.730139,4.178,4.178
-771.958192,-1278.929811,4.163,4.163
-772.023553,-1284.165926,4.149,4.149
-772.127253,-1289.371840,4.139,4.139
-772.236522,-1294.588000,4.137,4.137
-772.414861,-1299.775703,4.144,4.144
-772.587860,-1305.004201,4.152,4.152
-772.806948,-1310.250577,4.156,4.156
-773.078663,-1315.481946,4.150,4.150
-773.432079,-1320.818504,4.094,4.094
-773.920995,-1326.132840,4.020,4.020
-774.698368,-1331.396757,3.953,3.953
-775.698756,-1336.618038,3.944,3.944
-776.942401,-1341.844065,3.975,3.975
-778.603258,-1347.155017,3.954,3.954
-780.655560,-1352.249451,3.883,3.883
-783.044474,-1357.034848,3.866,3.866
-785.698854,-1361.643114,3.935,3.935
-788.735614,-1366.208099,4.055,4.055
-792.206212,-1370.519102,4.110,4.110
-796.050526,-1374.468012,4.170,4.170
-800.237255,-1378.117500,4.170,4.170
-804.489874,-1381.343552,4.150,4.150
-808.782054,-1384.359093,4.151,4.151
-813.232168,-1387.330372,4.181,4.181
-817.631453,-1390.118740,4.245,4.245
-822.013596,-1392.898563,4.307,4.307
-826.388065,-1395.715868,4.350,4.350
-830.733850,-1398.523359,4.417,4.417
-835.032577,-1401.344127,4.517,4.517
-839.295416,-1404.246973,4.608,4.608
-843.479627,-1407.199171,4.724,4.724
-847.626251,-1410.247132,4.856,4.856
-851.614079,-1413.353793,4.947,4.947
-855.467801,-1416.630092,4.970,4.970
-859.173570,-1420.093815,4.930,4.930
-862.707063,-1423.742950,4.839,4.839
-866.048597,-1427.519853,4.723,4.723
-869.266266,-1431.428562,4.628,4.628
-872.372004,-1435.490315,4.490,4.490
-875.402489,-1439.557206,4.418,4.418
-878.550663,-1443.832749,4.420,4.420
-881.651595,-1448.007469,4.408,4.408
-884.695229,-1452.172168,4.348,4.348
-887.830918,-1456.496018,4.290,4.290
-890.856096,-1460.719554,4.236,4.236
-893.876573,-1464.989889,4.189,4.189
-896.870557,-1469.261890,4.142,4.142
-899.854586,-1473.572734,4.094,4.094
-902.888848,-1477.960402,4.043,4.043
-905.769817,-1482.192200,4.003,4.003
-908.757310,-1486.577933,3.980,3.980
-911.618191,-1490.819381,3.979,3.979
-914.537775,-1495.174903,3.989,3.989
-917.439634,-1499.507021,4.004,4.004
-920.447025,-1504.049287,4.024,4.024
-923.397093,-1508.460108,4.045,4.045
-926.220591,-1512.753111,4.076,4.076
-929.153395,-1517.256496,4.106,4.106
-932.317630,-1522.387337,4.128,4.128
-935.308374,-1527.704460,4.111,4.111
-938.020270,-1533.007639,4.092,4.092
-940.142734,-1537.644758,4.039,4.039
-942.048970,-1542.384611,3.952,3.952
-943.757777,-1547.252654,3.905,3.905
-945.276848,-1552.165663,3.895,3.895
-946.615625,-1557.156241,3.892,3.892
-947.732047,-1562.052718,3.841,3.841
-948.735600,-1566.958232,3.734,3.734
-949.705477,-1572.172483,3.628,3.628
-950.662766,-1577.421677,3.541,3.541
-951.543690,-1582.429473,3.513,3.513
-952.418052,-1587.576494,3.514,3.514
-953.275380,-1592.632276,3.532,3.532
-954.129850,-1597.870729,3.566,3.566
-954.955788,-1603.031127,3.610,3.610
-955.772255,-1608.205219,3.663,3.663
-956.592684,-1613.374167,3.725,3.725
-957.408103,-1618.554355,3.794,3.794
-958.192508,-1623.547419,3.877,3.877
-958.995365,-1628.672700,3.959,3.959
-959.720234,-1633.883619,4.036,4.036
-960.420340,-1639.851981,4.017,4.017
-960.751628,-1644.901198,4.002,4.002
-960.864023,-1650.001920,3.966,3.966
-960.703735,-1655.072035,3.942,3.942
-960.266092,-1660.161206,3.924,3.924
-959.635208,-1665.277863,3.953,3.953
-958.824030,-1670.216085,3.918,3.918
-957.812561,-1675.129543,3.799,3.799
-956.609022,-1680.070341,3.698,3.698
-955.119356,-1685.033823,3.598,3.598
-953.485435,-1689.786180,3.433,3.433
-951.623094,-1694.438395,3.369,3.369
-949.497503,-1699.024744,3.360,3.360
-947.135080,-1703.521971,3.414,3.414
-944.026791,-1708.707343,3.557,3.557
-941.200814,-1713.027210,3.633,3.633
-938.237128,-1717.181926,3.706,3.706
-935.147551,-1721.240120,3.759,3.759
-931.942856,-1725.207129,3.733,3.733
-928.578235,-1729.163472,3.738,3.738
-925.169876,-1733.135689,3.715,3.715
-921.740230,-1737.117777,3.687,3.687
-918.334550,-1741.098971,3.663,3.663
-914.932525,-1745.050128,3.663,3.663
-911.514086,-1749.011671,3.693,3.693
-908.096888,-1752.957277,3.744,3.744
-904.661118,-1756.919388,3.811,3.811
-901.228548,-1760.867322,3.884,3.884
-897.780538,-1764.826054,3.956,3.956
-894.332229,-1768.792882,4.024,4.024
-890.871316,-1772.780804,4.071,4.071
-887.426574,-1776.783073,4.090,4.090
-883.991503,-1780.784214,4.085,4.085
-880.574326,-1784.767329,4.068,4.068
-877.169184,-1788.727283,4.050,4.050
-873.745893,-1792.686820,4.035,4.035
-870.318593,-1796.634838,4.023,4.023
-866.858502,-1800.629075,4.003,4.003
-863.431557,-1804.619406,3.972,3.972
-860.016812,-1808.621422,3.935,3.935
-856.617293,-1812.612830,3.900,3.900
-853.221276,-1816.599780,3.867,3.867
-849.825826,-1820.620600,3.854,3.854
-846.470216,-1824.610700,3.852,3.852
-843.060146,-1828.604137,3.831,3.831
-839.632667,-1832.558206,3.792,3.792
-836.210695,-1836.504753,3.773,3.773
-832.787433,-1840.446316,3.779,3.779
-829.341971,-1844.367790,3.796,3.796
-825.874804,-1848.260667,3.822,3.822
-822.401190,-1852.104793,3.862,3.862
-818.899388,-1855.853318,3.935,3.935
-815.327032,-1859.487990,4.049,4.049
-811.636633,-1863.026486,4.185,4.185
-807.828483,-1866.446876,4.304,4.304
-803.746182,-1869.906671,4.379,4.379
-799.047180,-1873.573212,4.414,4.414
-794.170251,-1877.016989,4.333,4.333
-789.757893,-1879.817415,4.244,4.244
-784.709767,-1882.627889,4.184,4.184
-780.022675,-1884.899460,4.201,4.201
-775.167482,-1887.111486,4.157,4.157
-770.525035,-1889.074620,4.170,4.170
-765.794918,-1891.057479,4.123,4.123
-760.856693,-1893.016394,4.106,4.106
-755.361044,-1895.160928,4.099,4.099
-750.296566,-1896.942358,4.163,4.163
-744.684683,-1898.632867,4.323,4.323
-738.996693,-1899.972096,4.456,4.456
-733.735506,-1900.777836,4.539,4.539
-727.905850,-1901.228177,4.500,4.500
-722.692553,-1901.306268,4.329,4.329
-717.533594,-1901.105507,4.119,4.119
-711.810344,-1900.666009,3.913,3.913
-706.608545,-1900.104980,3.852,3.852
-701.434760,-1899.411315,3.830,3.830
-696.268694,-1898.662973,3.819,3.819
-691.182029,-1897.851103,3.796,3.796
-685.962193,-1897.005181,3.774,3.774
-680.774112,-1896.197894,3.766,3.766
-675.656768,-1895.423510,3.769,3.769
-670.476016,-1894.653110,3.784,3.784
-665.289524,-1893.874846,3.808,3.808
-660.089503,-1893.102317,3.830,3.830
-654.921216,-1892.327777,3.854,3.854
-649.704271,-1891.541944,3.875,3.875
-644.508838,-1890.780048,3.888,3.888
-639.307509,-1890.015353,3.896,3.896
-634.104431,-1889.262496,3.903,3.903
-628.900971,-1888.511600,3.906,3.906
-623.695089,-1887.777764,3.907,3.907
-618.487933,-1887.052545,3.907,3.907
-613.285492,-1886.338743,3.907,3.907
-608.088682,-1885.629175,3.908,3.908
-602.892284,-1884.916959,3.909,3.909
-597.712440,-1884.205940,3.916,3.916
-592.578041,-1883.494818,3.932,3.932
-587.402463,-1882.769372,3.956,3.956
-582.229222,-1882.028114,3.992,3.992
-577.045304,-1881.274510,4.044,4.044
-571.868700,-1880.515255,4.102,4.102
-566.680597,-1879.749220,4.163,4.163
-561.498777,-1878.983546,4.225,4.225
-556.318920,-1878.204102,4.285,4.285
-551.129198,-1877.405614,4.335,4.335
-546.056446,-1876.608577,4.365,4.365
-540.945056,-1875.802653,4.383,4.383
-535.750931,-1874.991567,4.397,4.397
-530.548938,-1874.190962,4.405,4.405
-525.345713,-1873.399268,4.411,4.411
-520.147132,-1872.619175,4.417,4.417
-514.953279,-1871.850964,4.424,4.424
-509.751650,-1871.094965,4.430,4.430
-504.529078,-1870.351088,4.433,4.433
-499.303715,-1869.628683,4.421,4.421
-494.036203,-1868.942881,4.395,4.395
-488.742436,-1868.323748,4.353,4.353
-483.401511,-1867.806796,4.295,4.295
-478.043903,-1867.441092,4.223,4.223
-472.604709,-1867.279566,4.139,4.139
-467.155934,-1867.380880,4.047,4.047
-461.726693,-1867.786801,3.960,3.960
-456.377477,-1868.506830,3.898,3.898
-451.006177,-1869.551539,3.864,3.864
-445.787317,-1870.884544,3.849,3.849
-440.610782,-1872.534367,3.844,3.844
-435.579927,-1874.467145,3.852,3.852
-430.726764,-1876.612990,3.880,3.880
-425.996989,-1878.861732,3.924,3.924
-421.352808,-1881.099008,3.978,3.978
-416.740377,-1883.229112,4.037,4.037
-412.114009,-1885.157625,4.108,4.108
-406.621688,-1887.057857,4.201,4.201
-400.977305,-1888.420558,4.307,4.307
-395.269442,-1889.141233,4.403,4.403
-389.456170,-1889.244295,4.461,4.461
-383.673121,-1888.758398,4.460,4.460
-377.808822,-1887.739779,4.404,4.404
-372.030870,-1886.296490,4.291,4.291
-367.212621,-1884.817098,4.160,4.160
-362.384857,-1883.138308,3.987,3.987
-357.575234,-1881.328463,3.774,3.774
-352.691139,-1879.494595,3.586,3.586
-347.684984,-1877.812698,3.513,3.513
-342.526335,-1876.468176,3.650,3.650
-336.957603,-1875.643433,3.993,3.993
-331.891348,-1875.686974,4.203,4.203
-325.864412,-1877.025058,4.114,4.114
-320.604802,-1879.030043,3.930,3.930
-315.743797,-1881.498152,3.882,3.882
-311.097484,-1884.168937,3.793,3.793
-306.662904,-1887.064364,3.801,3.801
-302.222101,-1890.322975,3.875,3.875
-297.851023,-1894.163164,3.803,3.803
-294.142429,-1898.178509,3.598,3.598
-290.987777,-1902.600648,3.564,3.564
-288.346909,-1907.298855,3.766,3.766
-285.985170,-1911.945283,3.972,3.972
-283.018932,-1916.765874,4.008,4.008
-279.472281,-1920.703310,4.142,4.142
-275.225428,-1923.723190,4.308,4.308
-270.309282,-1925.473956,4.304,4.304
-265.077369,-1926.075417,4.325,4.325
-259.377879,-1925.786711,4.401,4.401
-254.398515,-1925.114012,4.433,4.433
-249.290736,-1924.223443,4.422,4.422
-244.110727,-1923.327400,4.337,4.337
-238.738110,-1922.492482,4.192,4.192
-233.521454,-1921.916504,3.980,3.980
-228.459098,-1921.724150,3.821,3.821
-223.341454,-1922.043950,3.685,3.685
-218.088524,-1923.219613,3.603,3.603
-213.003974,-1925.212272,3.667,3.667
-208.110196,-1927.733668,3.736,3.736
-203.606230,-1930.452135,3.817,3.817
-199.186780,-1933.261585,3.897,3.897
-194.803496,-1936.132157,3.949,3.949
-190.501254,-1938.987427,4.007,4.007
-186.104196,-1941.891992,4.045,4.045
-181.741258,-1944.797229,4.050,4.050
-177.393692,-1947.698479,4.031,4.031
-173.031542,-1950.602917,4.009,4.009
-168.788911,-1953.417533,3.992,3.992
-164.570506,-1956.173515,4.002,4.002
-160.032605,-1959.095464,4.033,4.033
-155.725009,-1961.881135,4.068,4.068
-151.264968,-1964.797786,4.082,4.082
-146.905962,-1967.656141,4.090,4.090
-142.471042,-1970.545196,4.084,4.084
-138.229377,-1973.291056,4.117,4.117
-133.794187,-1976.110561,4.145,4.145
-129.371126,-1978.941783,4.109,4.109
-124.410144,-1981.688179,4.219,4.219
-119.021787,-1984.117319,4.470,4.470
-113.417437,-1985.988681,4.591,4.591
-108.362235,-1987.316360,4.509,4.509
-103.307646,-1988.625067,4.399,4.399
-98.253103,-1989.916642,4.259,4.259
-92.363313,-1991.278645,4.194,4.194
-87.338885,-1992.343396,4.197,4.197
-82.139213,-1993.427156,4.220,4.220
-77.033835,-1994.541324,4.225,4.225
-71.881388,-1995.730768,4.282,4.282
-66.667151,-1997.085861,4.341,4.341
-61.427465,-1998.763404,4.511,4.511
-56.255849,-2001.033309,4.764,4.764
-51.343705,-2003.735154,5.010,5.010
-46.527260,-2006.902620,5.203,5.203
-42.613768,-2010.026529,5.233,5.233
-38.692525,-2013.802379,5.191,5.191
-35.012687,-2017.765906,5.135,5.135
-31.396025,-2021.917384,5.020,5.020
-27.985459,-2025.999814,4.864,4.864
-24.634252,-2030.070457,4.687,4.687
-21.326684,-2034.136749,4.514,4.514
-18.051090,-2038.259568,4.352,4.352
-14.857904,-2042.418909,4.228,4.228
-11.747279,-2046.629271,4.148,4.148
-8.704399,-2050.863645,4.105,4.105
-5.717423,-2055.122925,4.099,4.099
-2.806571,-2059.423545,4.151,4.151
0.051984,-2063.737966,4.242,4.242
2.913797,-2067.999593,4.317,4.317
5.820977,-2072.107987,4.345,4.345
9.510075,-2076.717227,4.337,4.337
13.417495,-2080.884465,4.423,4.423
17.714678,-2084.599311,4.589,4.589
22.519875,-2087.867948,4.761,4.761
27.438294,-2090.394664,4.880,4.880
32.560801,-2091.987871,4.960,4.960
37.863025,-2092.658621,5.004,5.004
43.055563,-2092.328031,5.213,5.213
48.572116,-2090.939952,5.218,5.218
53.393922,-2088.858582,5.035,5.035
57.658798,-2086.009993,5.012,5.012
61.728967,-2082.076638,4.993,4.993
65.129585,-2077.671313,4.808,4.808
68.170941,-2072.620657,4.609,4.609
70.603667,-2068.214016,4.463,4.463
72.966440,-2063.617967,4.324,4.324
75.213033,-2059.057774,4.210,4.210
77.418623,-2054.467245,4.118,4.118
79.631131,-2049.772867,4.060,4.060
81.805965,-2045.037148,4.030,4.030
84.029449,-2040.303179,4.004,4.004
86.165623,-2035.636955,3.980,3.980
88.293823,-2030.870989,3.956,3.956
90.404946,-2026.131094,3.935,3.935
92.475921,-2021.358485,3.912,3.912
94.554312,-2016.582020,3.896,3.896
96.569590,-2011.870387,3.890,3.890
98.557135,-2007.074949,3.891,3.891
100.494501,-2002.305813,3.898,3.898
102.320602,-1997.499426,3.916,3.916
104.150339,-1992.601883,3.940,3.940
105.967990,-1987.726738,3.967,3.967
107.782910,-1982.824672,3.993,3.993
109.616167,-1977.923584,4.016,4.016
111.461039,-1973.020703,4.026,4.026
113.337052,-1968.117201,4.026,4.026
115.237795,-1963.237604,4.021,4.021
117.151479,-1958.364248,4.008,4.008
119.090125,-1953.495433,3.989,3.989
121.034627,-1948.630270,3.939,3.939
122.980474,-1943.800405,3.870,3.870
124.896411,-1939.006366,3.819,3.819
126.778582,-1934.206812,3.800,3.800
128.624189,-1929.394332,3.821,3.821
130.388482,-1924.598980,3.882,3.882
132.061596,-1919.798880,3.991,3.991
133.600616,-1914.934527,4.097,4.097
135.023471,-1909.974107,4.162,4.162
136.258010,-1905.057230,4.167,4.167
137.341375,-1900.027629,4.130,4.130
138.307826,-1895.030624,4.065,4.065
139.205015,-1889.845460,3.977,3.977
139.998749,-1884.868964,3.904,3.904
140.602079,-1878.984564,3.836,3.836
140.790405,-1873.913029,3.824,3.824
140.883841,-1868.765994,3.802,3.802
140.995372,-1863.509225,3.791,3.791
141.113569,-1858.352134,3.784,3.784
141.215190,-1853.120790,3.775,3.775
141.326908,-1847.963700,3.767,3.767
141.376371,-1842.760404,3.754,3.754
141.436310,-1837.556740,3.744,3.744
141.475033,-1832.355597,3.738,3.738
141.521052,-1827.146989,3.738,3.738
141.557704,-1821.954826,3.747,3.747
141.595217,-1816.737228,3.773,3.773
141.632401,-1811.563918,3.812,3.812
141.631541,-1806.318807,3.824,3.824
141.623625,-1801.110610,3.801,3.801
141.627255,-1795.885078,3.796,3.796
141.639044,-1790.671991,3.779,3.779
141.664703,-1785.464999,3.772,3.772
141.691858,-1780.251851,3.774,3.774
141.716165,-1775.056805,3.777,3.777
141.743158,-1769.836396,3.784,3.784
141.751919,-1764.628183,3.776,3.776
141.768484,-1759.437044,3.788,3.788
141.779715,-1754.215126,3.798,3.798
141.788429,-1749.009759,3.815,3.815
141.801005,-1743.799856,3.836,3.836
141.817021,-1738.591381,3.873,3.873
141.829804,-1733.383670,3.901,3.901
141.842822,-1728.141900,3.934,3.934
141.866427,-1722.922403,3.960,3.960
141.898793,-1717.676397,3.972,3.972
141.927511,-1712.441023,3.972,3.972
141.968747,-1707.216707,3.973,3.973
142.004656,-1701.978688,3.962,3.962
142.040696,-1696.739562,3.951,3.951
142.074416,-1691.505711,3.917,3.917
142.112843,-1686.307900,3.907,3.907
142.158742,-1681.072140,3.930,3.930
142.189549,-1675.835573,3.936,3.936
142.210352,-1670.603905,3.931,3.931
142.221521,-1665.390341,3.921,3.921
142.224127,-1660.156772,3.908,3.908
142.205635,-1654.934327,3.891,3.891
142.166569,-1649.697979,3.865,3.865
142.118583,-1644.466733,3.836,3.836
142.064352,-1639.228440,3.808,3.808
142.010465,-1633.990035,3.784,3.784
141.950330,-1628.750772,3.762,3.762
141.888164,-1623.517872,3.744,3.744
141.817715,-1618.284829,3.730,3.730
141.747060,-1613.039098,3.720,3.720
141.671976,-1607.818499,3.725,3.725
141.591731,-1602.579570,3.740,3.740
141.510747,-1597.347023,3.758,3.758
141.422612,-1592.102693,3.777,3.777
141.342258,-1586.852094,3.795,3.795
141.268539,-1581.607532,3.808,3.808
141.200483,-1576.356677,3.819,3.819
141.062969,-1571.125417,3.751,3.751
141.078577,-1565.883113,3.829,3.829
141.031881,-1560.619093,3.826,3.826
140.997876,-1555.373329,3.817,3.817
140.964866,-1550.133671,3.810,3.810
140.923203,-1544.899886,3.804,3.804
140.872417,-1539.672427,3.800,3.800
140.797653,-1534.451042,3.800,3.800
140.705907,-1529.210992,3.803,3.803
140.608486,-1523.970837,3.804,3.804
140.508367,-1518.724156,3.802,3.802
140.407021,-1513.477392,3.795,3.795
140.301135,-1508.236298,3.780,3.780
140.196180,-1502.982867,3.760,3.760
140.094491,-1497.735009,3.738,3.738
139.999968,-1492.480696,3.714,3.714
139.918161,-1487.225697,3.688,3.688
139.850331,-1481.976493,3.662,3.662
139.790408,-1476.726974,3.642,3.642
139.737369,-1471.483135,3.630,3.630
139.690093,-1466.239139,3.625,3.625
139.644701,-1461.000921,3.636,3.636
139.593651,-1455.762898,3.651,3.651
139.534369,-1450.523694,3.668,3.668
139.466275,-1445.223177,3.686,3.686
139.382429,-1440.045856,3.711,3.711
139.294435,-1434.795054,3.732,3.732
139.205141,-1429.547653,3.749,3.749
139.119401,-1424.327863,3.756,3.756
139.036280,-1419.033376,3.753,3.753
138.956471,-1413.776080,3.744,3.744
138.877797,-1408.525142,3.729,3.729
138.797592,-1403.243158,3.711,3.711
138.713009,-1398.036684,3.692,3.692
138.625523,-1392.803173,3.673,3.673
138.535164,-1387.569191,3.655,3.655
138.442815,-1382.326737,3.640,3.640
138.350259,-1377.101785,3.631,3.631
138.256460,-1371.860283,3.630,3.630
138.159149,-1366.635331,3.640,3.640
138.058751,-1361.388294,3.657,3.657
137.959627,-1356.161006,3.677,3.677
137.864176,-1350.919752,3.699,3.699
137.774816,-1345.674763,3.721,3.721
137.692725,-1340.428972,3.743,3.743
137.616835,-1335.177557,3.761,3.761
137.545698,-1329.932090,3.773,3.773
137.482664,-1324.682806,3.776,3.776
137.431605,-1319.425870,3.767,3.767
137.391059,-1314.169485,3.749,3.749
137.357823,-1308.920891,3.723,3.723
137.328206,-1303.684328,3.692,3.692
137.299956,-1298.436105,3.657,3.657
137.265298,-1293.186684,3.610,3.610
137.235593,-1287.937155,3.565,3.565
137.215060,-1282.693033,3.530,3.530
137.203010,-1277.448418,3.508,3.508
137.200119,-1272.209771,3.505,3.505
137.204229,-1266.964586,3.517,3.517
137.209342,-1261.725612,3.535,3.535
137.212587,-1256.473898,3.557,3.557
137.213284,-1251.228417,3.582,3.582
137.213410,-1245.983015,3.610,3.610
137.211989,-1240.737614,3.638,3.638
137.203395,-1235.492197,3.662,3.662
137.185216,-1230.246950,3.681,3.681
137.158855,-1225.001788,3.696,3.696
137.125262,-1219.750652,3.705,3.705
137.089894,-1214.505660,3.712,3.712
137.046674,-1209.261088,3.715,3.715
136.999101,-1204.016578,3.717,3.717
136.945222,-1198.772345,3.716,3.716
136.888717,-1193.521974,3.714,3.714
136.835005,-1188.271788,3.710,3.710
136.783470,-1183.028062,3.706,3.706
136.732328,-1177.778138,3.703,3.703
136.688804,-1172.528478,3.703,3.703
136.648977,-1167.278845,3.702,3.702
136.613549,-1162.029567,3.702,3.702
136.579187,-1156.780380,3.700,3.700
136.551579,-1151.525138,3.695,3.695
136.533225,-1146.276420,3.687,3.687
136.518138,-1141.027818,3.678,3.678
136.505115,-1135.779624,3.670,3.670
136.489425,-1130.537581,3.662,3.662
136.479419,-1125.289860,3.654,3.654
136.470850,-1120.042174,3.646,3.646
136.462072,-1114.801071,3.640,3.640
136.450060,-1109.560113,3.636,3.636
136.435003,-1104.319427,3.632,3.632
136.419880,-1099.072872,3.628,3.628
136.402491,-1093.832513,3.625,3.625
136.382880,-1088.592577,3.625,3.625
136.357229,-1083.359011,3.624,3.624
136.326018,-1078.119562,3.624,3.624
136.292017,-1072.880281,3.622,3.622
136.253344,-1067.634569,3.620,3.620
136.209989,-1062.395033,3.620,3.620
136.161861,-1057.161721,3.622,3.622
136.105370,-1051.922116,3.625,3.625
136.048763,-1046.682454,3.630,3.630
135.989634,-1041.442812,3.636,3.636
135.931624,-1036.203147,3.644,3.644
135.872768,-1030.957315,3.654,3.654
135.814204,-1025.717640,3.665,3.665
135.760881,-1020.471834,3.680,3.680
135.713859,-1015.226072,3.699,3.699
135.668616,-1009.986535,3.717,3.717
135.621604,-1004.740927,3.733,3.733
135.573790,-999.495371,3.744,3.744
135.519712,-994.250047,3.743,3.743
135.463910,-989.004793,3.734,3.734
135.408760,-983.759599,3.723,3.723
135.354841,-978.514567,3.712,3.712
135.303015,-973.275770,3.701,3.701
135.252431,-968.030931,3.692,3.692
135.203907,-962.792215,3.687,3.687
135.157628,-957.553740,3.686,3.686
135.114916,-952.315250,3.691,3.691
135.069979,-947.104356,3.696,3.696
135.072764,-941.885404,3.747,3.747
135.068559,-936.640836,3.784,3.784
135.070140,-931.389848,3.823,3.823
135.076571,-926.151202,3.862,3.862
135.085724,-920.905569,3.898,3.898
135.096201,-915.659909,3.930,3.930
135.111313,-910.407466,3.957,3.957
135.134858,-905.148674,3.979,3.979
135.170194,-899.895806,3.998,3.998
135.213624,-894.648852,4.012,4.012
135.259568,-889.395603,4.020,4.020
135.303150,-884.154264,4.021,4.021
135.336709,-878.906683,4.014,4.014
135.351248,-873.664761,3.988,3.988
135.349968,-868.429033,3.958,3.958
135.334982,-863.205172,3.932,3.932
135.302487,-857.987237,3.911,3.911
135.233231,-852.794377,3.905,3.905
135.108653,-847.570797,3.916,3.916
134.971647,-842.335119,3.928,3.928
134.832232,-837.092781,3.938,3.938
134.690119,-831.844319,3.948,3.948
134.559708,-826.576611,3.948,3.948
134.430457,-821.339918,3.946,3.946
134.298756,-816.103290,3.950,3.950
134.182629,-810.853879,3.973,3.973
134.094844,-805.585380,4.017,4.017
134.035240,-800.329002,4.058,4.058
133.979778,-795.060131,4.098,4.098
134.082150,-789.751465,4.164,4.164
134.198748,-784.524492,4.231,4.231
134.507641,-779.380453,4.274,4.274
135.042199,-774.109590,4.388,4.388
135.812623,-768.794415,4.456,4.456
136.787595,-763.507944,4.469,4.469
138.048275,-758.228066,4.493,4.493
139.456685,-753.063969,4.514,4.514
140.979183,-747.972044,4.516,4.516
142.471792,-742.962276,4.520,4.520
143.952963,-737.942266,4.528,4.528
145.440361,-732.897795,4.529,4.529
146.929608,-727.873012,4.527,4.527
148.429651,-722.831778,4.528,4.528
149.919908,-717.813712,4.518,4.518
151.403878,-712.800303,4.523,4.523
152.889139,-707.768042,4.529,4.529
154.388692,-702.720830,4.525,4.525
155.876632,-697.715858,4.525,4.525
157.361994,-692.684333,4.524,4.524
158.846506,-687.652520,4.516,4.516
160.341599,-682.630109,4.519,4.519
161.838248,-677.607694,4.533,4.533
163.318658,-672.573584,4.526,4.526
164.804373,-667.533961,4.509,4.509
166.306635,-662.517856,4.520,4.520
167.805709,-657.493835,4.536,4.536
169.288049,-652.457930,4.531,4.531
170.771227,-647.421751,4.521,4.521
172.267941,-642.389254,4.524,4.524
173.759513,-637.361476,4.524,4.524
175.250906,-632.333459,4.525,4.525
176.747379,-627.293766,4.520,4.520
178.234573,-622.277358,4.525,4.525
179.731451,-617.230977,4.531,4.531
181.223275,-612.195825,4.525,4.525
182.710966,-607.172370,4.521,4.521
184.198442,-602.155243,4.529,4.529
185.683540,-597.098391,4.527,4.527
187.184514,-592.072222,4.526,4.526
188.667607,-587.047186,4.525,4.525
190.161410,-582.012295,4.530,4.530
191.659299,-576.972090,4.529,4.529
193.143071,-571.953681,4.528,4.528
194.636988,-566.899423,4.524,4.524
196.123083,-561.882196,4.509,4.509
197.599937,-556.856407,4.507,4.507
199.085294,-551.820841,4.511,4.511
200.586823,-546.777572,4.519,4.519
202.101619,-541.751505,4.526,4.526
203.590551,-536.743556,4.525,4.525
204.976192,-531.842200,4.530,4.530
206.331447,-526.065313,4.604,4.604
207.316846,-520.301872,4.852,4.852
207.658189,-514.464774,5.027,5.027
207.388077,-508.836110,5.089,5.089
206.142522,-503.616374,5.025,5.025
203.824013,-499.042101,4.816,4.816
200.309418,-494.443597,4.567,4.567
196.600770,-490.639832,4.565,4.565
191.830898,-487.007702,4.516,4.516
187.624879,-483.890827,4.510,4.510
183.448307,-480.762283,4.553,4.553
179.255704,-477.591107,4.630,4.630
175.006425,-474.433542,4.637,4.637
170.713253,-471.108137,4.619,4.619
166.577343,-467.734485,4.578,4.578
162.505941,-464.284004,4.499,4.499
158.431265,-460.626415,4.417,4.417
154.619770,-456.714838,4.400,4.400
151.062384,-452.545990,4.466,4.466
147.680698,-448.177069,4.501,4.501
144.531633,-443.713418,4.449,4.449
141.615871,-438.992620,4.365,4.365
139.064429,-434.240421,4.360,4.360
136.700783,-429.137444,4.361,4.361
134.685189,-423.802437,4.329,4.329
133.118613,-418.577271,4.235,4.235
131.851846,-413.387281,4.140,4.140
130.935961,-407.998508,4.190,4.190
130.382381,-402.424701,4.328,4.328
130.093669,-396.804386,4.291,4.291
130.008372,-391.600559,4.173,4.173
129.961110,-386.370362,4.117,4.117
129.952390,-381.114843,4.094,4.094
129.950859,-375.902711,4.095,4.095
129.939867,-370.659393,4.111,4.111
129.911133,-365.422205,4.118,4.118
129.859999,-360.191157,4.121,4.121
129.794476,-354.941585,4.115,4.115
129.725205,-349.685524,4.093,4.093
129.644114,-344.442160,4.062,4.062
129.566573,-339.198374,4.037,4.037
129.485183,-333.948393,4.007,4.007
129.403326,-328.704480,3.976,3.976
129.334336,-323.447743,3.954,3.954
129.283098,-318.203202,3.941,3.941
129.233048,-312.952246,3.932,3.932
129.181190,-307.707557,3.919,3.919
129.129815,-302.462729,3.912,3.912
129.074898,-297.217955,3.902,3.902
129.019476,-291.973026,3.899,3.899
128.962887,-286.728366,3.896,3.896
128.904127,-281.489764,3.897,3.897
128.850161,-276.232519,3.911,3.911
128.805839,-270.993879,3.929,3.929
128.760174,-265.737089,3.944,3.944
128.714526,-260.492673,3.959,3.959
128.668283,-255.236841,3.966,3.966
128.618480,-249.993204,3.976,3.976
128.589776,-244.681456,3.959,3.959
128.565026,-239.500846,3.934,3.934
128.513854,-234.233441,3.937,3.937
128.479953,-228.979163,3.926,3.926
128.446906,-223.745479,3.914,3.914
128.418089,-218.504664,3.918,3.918
128.389026,-213.263941,3.922,3.922
128.358549,-208.023976,3.926,3.926
128.327073,-202.779405,3.931,3.931
128.295286,-197.533884,3.935,3.935
128.262368,-192.295257,3.939,3.939
128.229586,-187.056522,3.943,3.943
128.195873,-181.812114,3.947,3.947
128.162254,-176.573880,3.951,3.951
128.128692,-171.329390,3.956,3.956
128.095062,-166.091159,3.960,3.960
128.061877,-160.846411,3.964,3.964
128.029519,-155.607461,3.968,3.968
127.996933,-150.362380,3.972,3.972
127.964475,-145.123470,3.976,3.976
127.931928,-139.878362,3.980,3.980
127.899442,-134.639469,3.985,3.985
127.867027,-129.394284,3.989,3.989
127.834468,-124.155453,3.993,3.993
127.801550,-118.910569,3.997,3.997
127.769020,-113.671683,4.001,4.001
127.737208,-108.426174,4.005,4.005
127.705352,-103.186928,4.010,4.010
127.674327,-97.940979,4.014,4.014
127.644594,-92.897601,4.023,4.023
127.613547,-87.458045,4.022,4.022
127.584237,-82.211218,4.026,4.026
127.555681,-76.964046,4.030,4.030
127.528920,-71.722272,4.035,4.035
127.502532,-66.474080,4.039,4.039
127.477464,-61.231618,4.043,4.043
127.452963,-55.982703,4.047,4.047
127.429260,-50.739705,4.051,4.051
127.405872,-45.490380,4.055,4.055
127.382647,-40.247226,4.060,4.060
127.359625,-34.997765,4.064,4.064
127.336712,-29.754506,4.068,4.068
127.314215,-24.504874,4.072,4.072
127.291689,-19.261485,4.076,4.076
127.269603,-14.011710,4.080,4.080
127.247791,-8.768091,4.085,4.085
127.226308,-3.518142,4.089,4.089
127.205521,1.725788,4.093,4.093
127.180255,6.994536,4.091,4.091
127.075144,12.000373,4.094,4.094
126.795175,17.016641,4.250,4.250
126.233867,22.639454,4.723,4.723
125.211685,27.760247,5.489,5.489
123.414800,32.473026,6.233,6.233
120.446703,36.560288,6.699,6.699
115.656046,39.969412,6.517,6.517
110.777399,42.008978,6.054,6.054
105.637275,43.181883,5.658,5.658
100.170463,43.860082,5.454,5.454
94.327909,44.145258,5.502,5.502
89.246910,44.227094,5.574,5.574
84.027897,44.180276,5.589,5.589
78.866241,44.195234,5.618,5.618
73.785854,44.222941,5.633,5.633
68.692801,44.254120,5.644,5.644
63.550922,44.292637,5.643,5.643
58.444740,44.363255,5.646,5.646
53.350279,44.443604,5.643,5.643
48.257444,44.527063,5.642,5.642
43.157989,44.623288,5.637,5.637
38.047477,44.719914,5.629,5.629
32.905309,44.816737,5.622,5.622
27.667698,44.902350,5.601,5.601
22.439322,44.987146,5.586,5.586
17.203845,45.068253,5.576,5.576
11.968273,45.137448,5.563,5.563
6.726255,45.200350,5.555,5.555
1.484240,45.262304,5.544,5.544
-3.745605,45.316232,5.540,5.540
-8.994148,45.367854,5.534,5.534
-14.218108,45.413361,5.532,5.532
-19.467112,45.453643,5.532,5.532
-24.710193,45.492727,5.530,5.530
-29.966375,45.532018,5.527,5.527
-35.222463,45.577550,5.520,5.520
-40.479175,45.627179,5.510,5.510
-45.729584,45.681244,5.498,5.498
-50.980395,45.739234,5.485,5.485
-56.237502,45.800384,5.470,5.470
-61.482321,45.863005,5.454,5.454
-66.733563,45.926094,5.438,5.438
-71.978615,45.988108,5.423,5.423
-77.205205,46.045198,5.410,5.410
-82.444359,46.091459,5.401,5.401
-87.696018,46.136369,5.394,5.394
-92.941436,46.183540,5.389,5.389
-98.193077,46.232380,5.385,5.385
-103.444692,46.284353,5.382,5.382
